{"uid": "quantax-kyc", "title": "QuantaX KYC Overview", "panels": [{"type": "stat", "title": "KYC Approvals (5m)", "id": 1, "targets": [{"expr": "sum(increase(quantax_kyc_approvals_total[5m]))"}]}, {"type": "stat", "title": "KYC Rejections (5m)", "id": 2, "targets": [{"expr": "sum(increase(quantax_kyc_rejections_total[5m]))"}]}, {"id": 10, "type": "bargauge", "title": "KYC Provider Error Ratio (window)", "targets": [{"expr": "sum by (provider) (rate(quantax_kyc_requests_total{status=\"error\"}[1h])) / clamp_min(sum by (provider) (rate(quantax_kyc_requests_total[1h])), 1e-6)"}]}, {"id": 11, "type": "table", "title": "Tenant Rate Utilization (1m)", "targets": [{"expr": "quantax:kyc:tenant_rate_utilization"}]}, {"id": 12, "type": "histogram", "title": "KYC Verify Latency (seconds)", "targets": [{"expr": "histogram_quantile(0.95, sum(rate(quantax_kyc_latency_seconds_bucket[5m])) by (le))"}]}], "time": {"from": "now-1h", "to": "now"}}