{
  "$schema": "https://json-schema.org/draft/2020-12/schema",
  "title": "Quantax Governance Proposal v3",
  "type": "object",
  "required": [
    "type",
    "version",
    "proposer",
    "changes"
  ],
  "properties": {
    "type": {
      "type": "string",
      "enum": [
        "treasury-split",
        "param-change",
        "text"
      ]
    },
    "version": {
      "type": "string",
      "pattern": "^v3(\\.\\d+)?$"
    },
    "proposer": {
      "type": "string",
      "minLength": 3
    },
    "metadata": {
      "type": "object"
    },
    "changes": {
      "type": "array",
      "minItems": 1,
      "items": {
        "type": "object"
      }
    }
  },
  "additionalProperties": true
}